tempo_execucao,navios,nao_detectados,detectados,inspecionados,distancia_percorrida,waypoints_visitados,politica,iteracao
2.2418668270111084,10,1,0,9,831.3359892326785,6,SA,1
2.4918792247772217,10,0,0,10,773.3175503389365,6,SA,2
2.578897714614868,10,2,0,8,812.4864485998922,6,SA,3
1.9896795749664307,10,4,0,6,822.5089943919207,6,SA,4
2.1941351890563965,10,1,0,9,829.6033095661893,6,SA,5
1.9926731586456299,10,1,0,9,794.9567696569216,6,SA,6
1.9647481441497803,10,4,0,6,830.4945862216973,6,SA,7
2.2978568077087402,10,2,0,8,937.9360972208929,6,SA,8
2.161222457885742,10,1,0,9,887.844586737704,6,SA,9
2.306833267211914,10,2,0,8,885.8187843856675,6,SA,10
2.2420053482055664,10,3,0,7,850.4218948917412,6,SA,11
2.2539734840393066,10,4,0,6,916.9152213077971,6,SA,12
2.173189878463745,10,1,0,9,831.451901683268,6,SA,13
2.199120283126831,10,2,0,8,836.4338678650189,6,SA,14
2.1931369304656982,10,3,0,7,818.0066433153396,6,SA,15
2.293867826461792,10,1,0,9,822.7470748606054,6,SA,16
2.0754504203796387,10,2,0,8,764.6031137562193,6,SA,17
2.460421323776245,10,1,0,9,861.3360403946841,6,SA,18
2.368668556213379,10,3,0,7,857.6158966462131,6,SA,19
2.698784828186035,10,2,0,8,899.2169768420129,6,SA,20
2.5731194019317627,10,3,0,7,893.6615161791339,6,SA,21
2.1781766414642334,10,1,0,9,892.328407054089,6,SA,22
1.8610243797302246,10,5,0,5,772.4559776735555,6,SA,23
2.239013910293579,10,3,0,7,873.032746899919,6,SA,24
2.0804378986358643,10,5,0,5,808.082048576272,6,SA,25
1.9926741123199463,10,3,0,7,792.4164357552949,6,SA,26
2.196126699447632,10,3,0,7,890.3547086246573,6,SA,27
1.9787101745605469,10,2,0,8,835.6560440156422,6,SA,28
1.993669033050537,10,4,0,6,774.4844664224802,6,SA,29
2.5551676750183105,10,1,0,9,942.1636642147051,6,SA,30
2.3297722339630127,10,1,0,9,916.4047732532368,6,SA,31
1.938817024230957,10,3,0,7,774.4356538154296,6,SA,32
1.975714921951294,10,4,0,6,792.6011851095158,6,SA,33
2.106370687484741,10,5,0,5,835.5034278365071,6,SA,34
2.14925217628479,10,2,0,8,909.6732237073011,6,SA,35
2.304837703704834,10,4,0,6,887.1775765458262,6,SA,36
2.0774457454681396,10,5,0,5,787.8168035872836,6,SA,37
2.115344762802124,10,3,0,7,926.3570556172506,6,SA,38
2.0654778480529785,10,2,0,8,835.6639647931102,6,SA,39
2.0136163234710693,10,4,0,6,816.2773637166538,6,SA,40
1.8221280574798584,10,4,0,6,761.7231595535358,6,SA,41
1.66654372215271,10,5,0,5,756.8877379806975,6,SA,42
2.0026466846466064,10,3,0,7,789.5640212208117,6,SA,43
1.9866881370544434,10,3,0,7,834.087581827394,6,SA,44
2.028576612472534,10,3,0,7,769.0990573351523,6,SA,45
1.8440697193145752,10,4,0,6,735.5926186585956,6,SA,46
1.967738389968872,10,5,0,5,837.1617834306583,6,SA,47
1.6854937076568604,10,5,0,5,711.8680257938148,6,SA,48
2.2689340114593506,10,0,0,10,896.4537664863161,6,SA,49
1.9577646255493164,10,3,0,7,767.9841402247279,6,SA,50
2.1183359622955322,10,2,0,8,853.5101494839865,6,SA,51
2.026582956314087,10,2,0,8,889.4691012859294,6,SA,52
2.1791727542877197,10,2,0,8,917.4687862810439,6,SA,53
1.8251211643218994,10,3,0,7,735.7558105965481,6,SA,54
1.9587624073028564,10,3,0,7,787.8468051617732,6,SA,55
1.8600270748138428,10,4,0,6,880.4297418696241,6,SA,56
1.7563037872314453,10,3,0,7,789.5828722582949,6,SA,57
1.9009184837341309,10,2,0,8,796.4458811015754,6,SA,58
2.069467306137085,10,3,0,7,852.9772719832262,6,SA,59
2.2051053047180176,10,2,0,8,864.7408855132749,6,SA,60
2.1821651458740234,10,2,0,8,836.259219136615,6,SA,61
2.0295746326446533,10,3,0,7,804.9005211358015,6,SA,62
1.8779771327972412,10,2,0,8,767.8801181043484,6,SA,63
2.1293065547943115,10,4,0,6,884.3895141574176,6,SA,64
1.896927833557129,10,3,0,7,796.6618507491283,6,SA,65
2.1352908611297607,10,0,0,10,923.865863901559,6,SA,66
2.1861541271209717,10,0,0,10,910.8937769075714,6,SA,67
2.0834295749664307,10,1,0,9,908.1043541684983,6,SA,68
2.2240536212921143,10,3,0,7,915.2622621337412,6,SA,69
2.094400405883789,10,2,0,8,875.6010921328326,6,SA,70
2.0943996906280518,10,1,0,9,835.5210305084911,6,SA,71
1.8440697193145752,10,3,0,7,808.01678871513,6,SA,72
1.8640155792236328,10,3,0,7,737.683424389661,6,SA,73
2.004641056060791,10,2,0,8,916.5880518550607,6,SA,74
1.6346302032470703,10,5,0,5,695.8500718584247,6,SA,75
2.036555290222168,10,2,0,8,891.6501028379646,6,SA,76
1.9138820171356201,10,4,0,6,801.4928016304074,6,SA,77
1.780240535736084,10,3,0,7,763.9657947573434,6,SA,78
1.8500542640686035,10,2,0,8,788.2559819994789,6,SA,79
1.8261175155639648,10,3,0,7,789.5612958740749,6,SA,80
1.9208636283874512,10,5,0,5,811.801333857373,6,SA,81
1.9507849216461182,10,3,0,7,812.8571191649185,6,SA,82
1.7912113666534424,10,2,0,8,758.1840656504186,6,SA,83
1.8450942039489746,10,1,0,9,872.6749389719455,6,SA,84
1.830080509185791,10,4,0,6,786.3619951050464,6,SA,85
1.9089233875274658,10,5,0,5,864.9972587092974,6,SA,86
2.0983622074127197,10,2,0,8,833.1148513473474,6,SA,87
1.9857189655303955,10,4,0,6,805.6723422144438,6,SA,88
2.155209541320801,10,2,0,8,857.6413513634523,6,SA,89
2.3786404132843018,10,2,0,8,859.1966173419876,6,SA,90
2.316805601119995,10,3,0,7,869.2184030327421,6,SA,91
1.8420743942260742,10,3,0,7,824.3836163342719,6,SA,92
1.9388158321380615,10,2,0,8,802.2574914447516,6,SA,93
2.207099437713623,10,4,0,6,846.0803128428337,6,SA,94
1.9378197193145752,10,3,0,7,828.2791176876038,6,SA,95
1.949786901473999,10,4,0,6,783.6251977572283,6,SA,96
1.9348280429840088,10,4,0,6,769.962241759755,6,SA,97
2.4773764610290527,10,2,0,8,963.7951080546562,6,SA,98
2.0604913234710693,10,4,0,6,828.608904682226,6,SA,99
1.9717302322387695,10,3,0,7,865.3272947968393,6,SA,100
3.181492567062378,25,1,0,24,1291.6984523266226,6,SA,1
3.793856382369995,25,3,0,22,1257.522303422309,6,SA,2
2.944129228591919,25,7,0,18,1057.3410135749123,6,SA,3
2.782560110092163,25,5,0,20,1054.333768092033,6,SA,4
2.8673338890075684,25,5,0,20,1159.8035698577837,6,SA,5
2.6987850666046143,25,7,0,18,1014.6328226659567,6,SA,6
3.496649980545044,25,3,0,22,1249.093813751258,6,SA,7
3.14658784866333,25,2,0,23,1190.8518548425454,6,SA,8
2.940138578414917,25,6,0,19,1147.2966118897418,6,SA,9
3.0249128341674805,25,4,0,21,971.5001950357587,6,SA,10
3.4787003993988037,25,1,0,24,1188.9223744873918,6,SA,11
2.962080240249634,25,7,0,18,1039.8319368976047,6,SA,12
3.113675355911255,25,6,0,19,1135.6668614349583,6,SA,13
4.428160905838013,25,4,0,21,1501.5442277916886,6,SA,14
4.70442271232605,25,1,0,24,1415.5224823094795,6,SA,15
2.6020779609680176,25,8,0,17,1059.3259719468392,6,SA,16
3.486677646636963,25,1,0,24,1246.2117225699483,6,SA,17
3.00297212600708,25,2,0,23,1149.1348895392855,6,SA,18
3.3091516494750977,25,2,0,23,1322.2208011192326,6,SA,19
2.7396748065948486,25,8,0,17,1073.0155456648613,6,SA,20
3.4806947708129883,25,1,0,24,1288.0788432697443,6,SA,21
2.549184799194336,25,8,0,17,1109.2414388657912,6,SA,22
3.395921230316162,25,9,0,16,1010.5482134175929,6,SA,23
2.938143491744995,25,4,0,21,967.4333034455749,6,SA,24
2.89725399017334,25,5,0,20,1039.3394194159612,6,SA,25
3.287212371826172,25,4,0,21,1131.4261340479115,6,SA,26
3.266268491744995,25,0,0,25,1105.5095473749448,6,SA,27
2.7406721115112305,25,4,0,21,1038.8225094193274,6,SA,28
3.019925832748413,25,4,0,21,1025.3729391368213,6,SA,29
2.8184640407562256,25,6,0,19,916.9106043887581,6,SA,30
2.7865493297576904,25,7,0,18,1059.1940317938681,6,SA,31
4.455089092254639,25,3,0,22,1433.4081357771877,6,SA,32
3.160550355911255,25,1,0,24,1251.2500364927832,6,SA,33
3.4398038387298584,25,0,0,25,1257.6523337793258,6,SA,34
2.8254451751708984,25,8,0,17,1001.7231597814408,6,SA,35
2.9181981086730957,25,3,0,22,1090.3373603161615,6,SA,36
3.162546157836914,25,4,0,21,996.7821614218766,6,SA,37
3.5365443229675293,25,2,0,23,1173.7200230446642,6,SA,38
3.542548894882202,25,6,0,19,1243.7621039909907,6,SA,39
3.399890184402466,25,2,0,23,1186.6532212444326,6,SA,40
3.322117567062378,25,1,0,24,1184.6160968923482,6,SA,41
5.293848037719727,25,1,0,24,1358.894747372194,6,SA,42
3.93650221824646,25,1,0,24,1320.4290011920216,6,SA,43
2.2330222129821777,25,12,0,13,940.1723102524119,6,SA,44
2.988013982772827,25,5,0,20,1195.6339077514654,6,SA,45
3.4547641277313232,25,3,0,22,1174.3859395933646,6,SA,46
3.738006353378296,25,1,0,24,1249.708652708621,6,SA,47
3.006960868835449,25,6,0,19,1102.8858435566221,6,SA,48
3.6622092723846436,25,3,0,22,1342.3507730105148,6,SA,49
4.849035024642944,25,4,0,21,1214.1576493077857,6,SA,50
3.783883571624756,25,5,0,20,1076.818979072274,6,SA,51
3.221388101577759,25,2,0,23,1215.0081283114343,6,SA,52
3.4816901683807373,25,10,0,15,1098.7699459279959,6,SA,53
4.319483995437622,25,2,0,23,1214.817636402592,6,SA,54
3.015937328338623,25,10,0,15,1021.7277143487836,6,SA,55
3.622314929962158,25,5,0,20,1216.4640941049752,6,SA,56
3.269261121749878,25,1,0,24,1136.3330699082394,6,SA,57
3.135618209838867,25,2,0,23,1144.1567705632308,6,SA,58
2.131321668624878,25,12,0,13,864.440896751935,6,SA,59
3.3330881595611572,25,2,0,23,1147.88391909664,6,SA,60
3.8317573070526123,25,2,0,23,1113.6792286476266,6,SA,61
3.04986572265625,25,3,0,22,1004.5813116739173,6,SA,62
4.475016832351685,25,2,0,23,1349.9337887978977,6,SA,63
2.9920003414154053,25,7,0,18,910.3187522752035,6,SA,64
3.180497407913208,25,7,0,18,1151.1702337597158,6,SA,65
4.509942293167114,25,3,0,22,1255.2013964880045,6,SA,66
2.8304316997528076,25,3,0,22,991.1472917661825,6,SA,67
3.728034257888794,25,2,0,23,1288.5821100901117,6,SA,68
2.9710562229156494,25,8,0,17,942.4802732061111,6,SA,69
3.7759056091308594,25,7,0,18,1119.144379910099,6,SA,70
3.169551372528076,25,1,0,24,1054.4478550892015,6,SA,71
3.3171308040618896,25,4,0,21,1066.3482599618462,6,SA,72
2.7705929279327393,25,7,0,18,1009.3397868355163,6,SA,73
2.891268253326416,25,6,0,19,988.6910885150238,6,SA,74
2.9072277545928955,25,3,0,22,1012.6813667777177,6,SA,75
3.610346555709839,25,2,0,23,1136.1757849939718,6,SA,76
3.3111791610717773,25,2,0,23,1129.4620385780552,6,SA,77
2.606036901473999,25,7,0,18,1046.9372118156543,6,SA,78
3.5624730587005615,25,2,0,23,1281.8394031073879,6,SA,79
3.28025221824646,25,7,0,18,1028.2012457607298,6,SA,80
3.3630104064941406,25,0,0,25,1297.631616385691,6,SA,81
3.9853463172912598,25,0,0,25,1295.2539954239992,6,SA,82
3.0328915119171143,25,4,0,21,985.4640870052156,6,SA,83
3.6812691688537598,25,2,0,23,1362.9728860209075,6,SA,84
2.908226490020752,25,5,0,20,897.0800699710088,6,SA,85
3.1545655727386475,25,5,0,20,1172.3264315749946,6,SA,86
2.562150478363037,25,8,0,17,941.27832104331,6,SA,87
3.204432249069214,25,5,0,20,1216.2757626849088,6,SA,88
4.009308099746704,25,1,0,24,1313.423928523005,6,SA,89
3.671157121658325,25,4,0,21,1115.7307381815144,6,SA,90
2.9580912590026855,25,8,0,17,1063.7828884159665,6,SA,91
2.9830241203308105,25,2,0,23,1157.828871277359,6,SA,92
3.1017072200775146,25,2,0,23,1266.0975490010123,6,SA,93
2.865339756011963,25,6,0,19,948.8554756031583,6,SA,94
3.2981812953948975,25,1,0,24,1214.9326024721267,6,SA,95
3.20446515083313,25,4,0,21,1184.8244362970997,6,SA,96
3.394923210144043,25,2,0,23,1235.6011051090552,6,SA,97
2.9052326679229736,25,8,0,17,1071.477990186973,6,SA,98
3.707089900970459,25,2,0,23,1194.803004571268,6,SA,99
3.182509422302246,25,4,0,21,1112.5152305074284,6,SA,100
5.49331521987915,50,2,0,48,1545.7943032878602,6,SA,1
9.745944261550903,50,0,0,50,1943.9056386437373,6,SA,2
7.0411741733551025,50,2,0,48,1653.3854122109137,6,SA,3
5.228021860122681,50,2,0,48,1401.444891534372,6,SA,4
6.171500205993652,50,1,0,49,1804.0795433119038,6,SA,5
9.10665488243103,50,0,0,50,1774.5899592010123,6,SA,6
7.043168544769287,50,2,0,48,1771.6732573861286,6,SA,7
7.005270481109619,50,0,0,50,1703.0285424953126,6,SA,8
6.150555610656738,50,1,0,49,1803.376182894005,6,SA,9
6.995298862457275,50,5,0,45,1620.3229557245236,6,SA,10
4.278563022613525,50,11,0,39,1293.385534163073,6,SA,11
6.958394289016724,50,2,0,48,1749.7025105211615,6,SA,12
8.304796695709229,50,0,0,50,2212.115792341206,6,SA,13
8.904194116592407,50,1,0,49,1984.0390874119375,6,SA,14
5.993004083633423,50,4,0,46,1458.6826402360305,6,SA,15
6.7409772872924805,50,1,0,49,1800.0479386719815,6,SA,16
6.098694562911987,50,5,0,45,1658.1500798373097,6,SA,17
7.23066782951355,50,1,0,49,1709.2472992445985,6,SA,18
7.200748920440674,50,1,0,49,1897.8751510943573,6,SA,19
8.054466009140015,50,1,0,49,1832.4586493600123,6,SA,20
5.471373558044434,50,2,0,48,1760.7730262243049,6,SA,21
7.789174318313599,50,0,0,50,2135.559799172881,6,SA,22
7.373287677764893,50,7,0,43,1579.293115810115,6,SA,23
5.147238254547119,50,2,0,48,1600.1527407603514,6,SA,24
6.2792112827301025,50,0,0,50,1860.5519378730291,6,SA,25
6.603345155715942,50,2,0,48,1773.8779487604302,6,SA,26
6.71903657913208,50,5,0,45,1655.7063638233687,6,SA,27
7.364311933517456,50,0,0,50,1859.0487872980555,6,SA,28
10.147868633270264,50,1,0,49,1954.5827655573341,6,SA,29
8.92613673210144,50,0,0,50,1973.6958843166844,6,SA,30
7.88691520690918,50,1,0,49,1623.7093643143908,6,SA,31
11.16117811203003,50,0,0,50,2154.5320730169183,6,SA,32
6.657202243804932,50,2,0,48,1766.2459995219854,6,SA,33
5.611995458602905,50,3,0,47,1494.0177384278516,6,SA,34
6.720032691955566,50,0,0,50,1758.8230422733134,6,SA,35
6.680140733718872,50,2,0,48,1778.4167147984292,6,SA,36
5.62695574760437,50,10,0,40,1581.6211582633878,6,SA,37
6.897557973861694,50,0,0,50,1856.175219036258,6,SA,38
8.834380626678467,50,0,0,50,2021.9546920127402,6,SA,39
6.134598016738892,50,0,0,50,1853.445099982265,6,SA,40
7.5218915939331055,50,1,0,49,1888.0322147030151,6,SA,41
8.503264904022217,50,3,0,47,1941.6263049296529,6,SA,42
9.043821334838867,50,2,0,48,1839.5103872821574,6,SA,43
5.889253854751587,50,0,0,50,1736.3619209314297,6,SA,44
5.298833131790161,50,0,0,50,1794.5937842976923,6,SA,45
4.794182538986206,50,6,0,44,1573.2377378412623,6,SA,46
6.100690126419067,50,3,0,47,1775.6797678508565,6,SA,47
6.791842222213745,50,2,0,48,1781.7003054739425,6,SA,48
6.303147315979004,50,0,0,50,1835.3592363073865,6,SA,49
5.162198305130005,50,5,0,45,1591.2547642277525,6,SA,50
5.674828052520752,50,0,0,50,1682.3274948184364,6,SA,51
7.678471088409424,50,0,0,50,2071.347257528494,6,SA,52
7.832060813903809,50,1,0,49,1895.6906986711929,6,SA,53
6.405873775482178,50,2,0,48,1909.1197141247105,6,SA,54
7.620624780654907,50,0,0,50,1865.027461993637,6,SA,55
5.27190375328064,50,0,0,50,1667.457333652827,6,SA,56
5.192118406295776,50,6,0,44,1480.1628858517008,6,SA,57
7.876940727233887,50,9,0,41,1676.9647356885596,6,SA,58
9.17846155166626,50,0,0,50,2055.6249585818637,6,SA,59
8.466365337371826,50,1,0,49,1875.3695326183336,6,SA,60
5.491317510604858,50,3,0,47,1709.8329531091808,6,SA,61
5.236001014709473,50,6,0,44,1614.2133912269846,6,SA,62
5.447434902191162,50,5,0,45,1717.0005761555242,6,SA,63
5.312795639038086,50,0,0,50,1543.4369481735796,6,SA,64
7.725346326828003,50,0,0,50,1972.2129949871808,6,SA,65
6.9972922801971436,50,1,0,49,1851.94004105757,6,SA,66
7.637580394744873,50,2,0,48,1812.8390134869294,6,SA,67
6.979339361190796,50,1,0,49,1834.6096672223543,6,SA,68
5.0086095333099365,50,2,0,48,1783.5340148404166,6,SA,69
7.955729722976685,50,1,0,49,1848.832278583638,6,SA,70
6.901548624038696,50,0,0,50,1993.9902114577224,6,SA,71
5.723696231842041,50,3,0,47,1702.123167836754,6,SA,72
7.138913869857788,50,2,0,48,1810.931303962359,6,SA,73
7.525877952575684,50,3,0,47,2046.154005269361,6,SA,74
6.088721513748169,50,3,0,47,1836.9707641633922,6,SA,75
4.643584728240967,50,5,0,45,1759.0991415351566,6,SA,76
6.138588190078735,50,1,0,49,1808.8458468008141,6,SA,77
7.500946283340454,50,0,0,50,1872.3090423593924,6,SA,78
7.147916555404663,50,2,0,48,1828.9163189249377,6,SA,79
5.744640111923218,50,5,0,45,1740.5377787958355,6,SA,80
9.307116746902466,50,1,0,49,2224.662488568652,6,SA,81
5.389590501785278,50,4,0,46,1785.6220784324098,6,SA,82
5.788524389266968,50,3,0,47,1624.9136691275319,6,SA,83
4.731350660324097,50,9,0,41,1405.9637286075013,6,SA,84
6.566445589065552,50,0,0,50,1773.8971827570904,6,SA,85
7.906860589981079,50,0,0,50,2071.3523799733557,6,SA,86
6.226352691650391,50,2,0,48,1829.9264205234506,6,SA,87
6.245303153991699,50,0,0,50,1674.4939680413815,6,SA,88
6.381938219070435,50,0,0,50,1928.498402313118,6,SA,89
4.931816101074219,50,11,0,39,1481.7380592297757,6,SA,90
7.912843942642212,50,4,0,46,1950.2840955639865,6,SA,91
8.910205364227295,50,0,0,50,2065.7868106253773,6,SA,92
7.067077875137329,50,0,0,50,1978.1195757021615,6,SA,93
6.539516448974609,50,3,0,47,1945.805046392749,6,SA,94
4.085077285766602,50,1,0,49,1615.9199816868531,6,SA,95
7.805132627487183,50,0,0,50,1992.128017012516,6,SA,96
5.017584323883057,50,1,0,49,1625.8966760027613,6,SA,97
5.659867763519287,50,0,0,50,1872.5891171903695,6,SA,98
6.019905090332031,50,3,0,47,1662.2614543940429,6,SA,99
7.690440654754639,50,3,0,47,1898.7498151897,6,SA,100
8.137243509292603,75,16,0,59,1803.8170874584953,6,SA,1
11.16217589378357,75,0,3,72,2378.295366614042,5,SA,2
10.885894775390625,75,2,0,73,2310.3677120669417,6,SA,3
12.550445318222046,75,0,0,75,2070.6576639675523,6,SA,4
11.329708576202393,75,1,0,74,2216.7600018896346,6,SA,5
8.915184020996094,75,3,0,72,2080.385516766805,6,SA,6
13.297428607940674,75,0,0,75,2307.3805789091025,6,SA,7
10.339364051818848,75,4,0,71,2235.8285459520425,6,SA,8
13.760231494903564,75,1,0,74,2336.1896629893217,6,SA,9
8.361647367477417,75,1,0,74,2126.2087776800654,6,SA,10
14.313729763031006,75,7,1,67,2377.6093278906505,4,SA,11
14.262868642807007,75,1,0,74,2315.38431465997,6,SA,12
13.811074495315552,75,0,6,69,2379.6661624155813,6,SA,13
9.590359687805176,75,1,0,74,2176.081105558577,6,SA,14
15.042781114578247,75,0,3,72,2376.1120282750026,6,SA,15
13.915794610977173,75,0,1,74,2398.5617306381396,5,SA,16
10.506909132003784,75,0,0,75,2256.460651377878,6,SA,17
18.237241506576538,75,0,5,70,2389.890997668722,6,SA,18
12.72300410270691,75,1,1,73,2379.689889648396,6,SA,19
16.50687050819397,75,5,3,67,2378.854372379209,4,SA,20
10.9347665309906,75,0,0,75,2245.2010687574157,6,SA,21
10.837026596069336,75,7,0,68,2047.101179404805,6,SA,22
11.381590366363525,75,0,0,75,2392.938158030785,6,SA,23
14.78247857093811,75,1,4,70,2395.558893899496,6,SA,24
12.42278528213501,75,5,0,70,2175.356630360456,6,SA,25
15.508537769317627,75,0,0,75,2384.419649030675,6,SA,26
10.781176805496216,75,0,0,75,2248.4585284010413,6,SA,27
11.147215604782104,75,0,0,75,2301.7465629329863,6,SA,28
12.180414915084839,75,0,0,75,2316.7739903682605,6,SA,29
9.779852628707886,75,0,0,75,2089.331951181443,6,SA,30
16.499887228012085,75,0,4,71,2385.2819963389866,6,SA,31
14.53813099861145,75,5,5,65,2391.564757369684,5,SA,32
14.37257432937622,75,5,4,66,2378.7372244353705,5,SA,33
10.151877403259277,75,0,0,75,2216.1137517618913,6,SA,34
9.71303415298462,75,2,0,73,2049.5269560304073,6,SA,35
15.473630428314209,75,0,0,75,2324.710628016076,6,SA,36
13.157820463180542,75,0,0,75,2238.153951762002,6,SA,37
14.92312240600586,75,0,0,75,2356.4486981964687,6,SA,38
16.831971645355225,75,3,5,67,2385.24988598648,4,SA,39
15.116584777832031,75,2,0,73,2316.685344198248,6,SA,40
14.826380968093872,75,0,5,70,2389.2051698154446,5,SA,41
11.116282224655151,75,0,0,75,2308.085649866854,6,SA,42
12.668131113052368,75,0,3,72,2386.725721859082,6,SA,43
8.30180811882019,75,1,0,74,2047.106000503598,6,SA,44
12.379902362823486,75,1,0,74,2344.609986524092,6,SA,45
14.426455974578857,75,1,0,74,2394.558592518971,5,SA,46
12.189408779144287,75,0,0,75,2364.473299328752,6,SA,47
11.474324703216553,75,2,0,73,2256.208599907053,6,SA,48
12.590338706970215,75,0,2,73,2395.7665449233405,6,SA,49
9.888561964035034,75,0,0,75,2269.1075005759285,6,SA,50
10.802117109298706,75,0,2,73,2393.413030297186,6,SA,51
14.543118476867676,75,2,8,65,2390.370426903223,5,SA,52
11.193105459213257,75,1,0,74,2318.0781756227047,6,SA,53
11.32871127128601,75,0,0,75,2289.3408609422254,6,SA,54
14.023507356643677,75,0,0,75,2361.6842746415064,6,SA,55
12.165476083755493,75,4,0,71,2351.1539199643125,6,SA,56
12.524514198303223,75,0,0,75,2369.8843526157843,6,SA,57
9.539494514465332,75,0,0,75,2345.5574655075657,6,SA,58
11.31873893737793,75,1,1,73,2376.947873752897,5,SA,59
9.501669883728027,75,0,1,74,2399.8170841492647,6,SA,60
7.634587049484253,75,7,0,68,1828.0626192077298,6,SA,61
12.555430173873901,75,0,3,72,2396.383944253976,6,SA,62
18.638169527053833,75,1,2,72,2399.908907502484,5,SA,63
13.337341547012329,75,0,0,75,2200.777978966714,6,SA,64
15.383869886398315,75,1,6,68,2390.952043748921,6,SA,65
15.38886022567749,75,0,0,75,2236.679086701579,6,SA,66
14.451364517211914,75,0,3,72,2392.363316656829,5,SA,67
8.018561601638794,75,1,0,74,1930.5308643540998,6,SA,68
14.970972776412964,75,2,9,64,2394.9613558343503,4,SA,69
12.716999769210815,75,2,0,73,2331.666999791431,6,SA,70
11.437421321868896,75,0,0,75,2338.5005163355677,6,SA,71
10.948727130889893,75,0,0,75,2313.0672410346683,6,SA,72
12.325050830841064,75,0,4,71,2392.306899646847,6,SA,73
11.39854884147644,75,0,0,75,2317.656568943233,6,SA,74
11.051452159881592,75,1,0,74,2346.1404778172628,6,SA,75
11.57804560661316,75,3,0,72,2235.9014168509552,6,SA,76
11.776514768600464,75,0,0,75,2187.6042536844348,6,SA,77
10.427121877670288,75,3,0,72,2110.4232952961834,6,SA,78
17.279799938201904,75,0,0,75,2382.274623022181,6,SA,79
13.186744689941406,75,4,0,71,2198.7408377400034,6,SA,80
13.434084177017212,75,0,0,75,2327.3263851797055,6,SA,81
9.417818784713745,75,2,0,73,2014.1865184398284,6,SA,82
11.08738374710083,75,0,0,75,2128.2856028442943,6,SA,83
10.80706787109375,75,0,0,75,2383.487635080551,6,SA,84
11.367606401443481,75,0,5,70,2383.3118299687035,6,SA,85
15.383869647979736,75,0,3,72,2386.5594392209746,6,SA,86
13.398178577423096,75,0,12,63,2375.7549516350236,6,SA,87
9.604322910308838,75,2,0,73,2171.8001035997413,6,SA,88
10.555778741836548,75,0,0,75,2159.3552877285624,6,SA,89
10.043148756027222,75,11,0,64,1981.8856211873579,6,SA,90
12.885549783706665,75,2,0,73,2262.4300455856255,6,SA,91
13.369255304336548,75,2,0,73,2376.5580831607085,6,SA,92
12.660152673721313,75,2,8,65,2397.8116154760164,5,SA,93
14.328690528869629,75,1,0,74,2291.4892534887176,6,SA,94
11.571062326431274,75,0,0,75,2190.3493453719993,6,SA,95
16.61857008934021,75,0,3,72,2377.7655475038587,6,SA,96
10.957709789276123,75,0,0,75,2291.1682907124678,6,SA,97
10.784187316894531,75,0,0,75,2179.32726901817,6,SA,98
10.883928060531616,75,1,0,74,2380.6142821536155,6,SA,99
9.755944013595581,75,1,0,74,2140.0442631212754,6,SA,100
18.723937273025513,100,1,11,88,2382.4279765231113,4,SA,1
17.209988117218018,100,13,10,77,2385.672338599488,5,SA,2
20.844270944595337,100,0,17,83,2385.57461459293,6,SA,3
18.140498876571655,100,6,11,83,2382.720809470569,4,SA,4
21.055708169937134,100,0,20,80,2394.0601900533343,5,SA,5
19.936697244644165,100,4,8,88,2396.195150998514,5,SA,6
20.368544101715088,100,0,16,84,2388.4673471130945,5,SA,7
13.71532940864563,100,0,4,96,2396.0564046003747,5,SA,8
15.6561439037323,100,0,5,95,2385.6079491509786,5,SA,9
17.925102949142456,100,4,11,85,2378.7372097859343,4,SA,10
22.36420726776123,100,11,20,69,2384.801103194319,4,SA,11
16.684420108795166,100,0,9,91,2394.5278693842656,6,SA,12
16.33230710029602,100,1,10,89,2391.3047148918126,6,SA,13
19.259535789489746,100,2,17,81,2386.326450972127,6,SA,14
17.367566347122192,100,17,7,76,2396.721370903736,4,SA,15
20.640816926956177,100,2,10,88,2392.0687843189176,5,SA,16
15.303085327148438,100,0,9,91,2387.9659724536327,6,SA,17
19.14780616760254,100,0,18,82,2387.1544986150902,4,SA,18
16.485924243927002,100,9,14,77,2396.924727824363,4,SA,19
18.815694570541382,100,10,15,75,2382.5064754814957,5,SA,20
19.26449489593506,100,2,13,85,2398.5425042102215,6,SA,21
17.999876499176025,100,3,21,76,2382.808197697082,5,SA,22
13.200708389282227,100,0,0,100,2373.0812307260203,6,SA,23
19.909770011901855,100,1,30,69,2395.411698731424,5,SA,24
14.821374416351318,100,10,13,77,2380.749842319646,5,SA,25
19.609572172164917,100,3,10,87,2395.480987157364,6,SA,26
15.43276572227478,100,3,12,85,2394.601900080815,5,SA,27
15.45964002609253,100,3,10,87,2385.828604228078,5,SA,28
12.990267992019653,100,5,5,90,2399.4007921916204,6,SA,29
15.164457321166992,100,2,6,92,2387.9989825465186,6,SA,30
14.965016841888428,100,0,14,86,2394.5670792604196,6,SA,31
16.429075002670288,100,8,4,88,2389.6747482715355,4,SA,32
19.89879846572876,100,0,13,87,2399.847878300391,6,SA,33
16.866904973983765,100,8,12,80,2392.297177176621,5,SA,34
14.712664604187012,100,0,9,91,2398.1841291718424,6,SA,35
19.016159057617188,100,0,23,77,2384.391550785495,6,SA,36
17.580997467041016,100,1,12,87,2395.39907038177,6,SA,37
16.647490739822388,100,2,2,96,2383.6504393546,5,SA,38
15.162463188171387,100,2,14,84,2396.2514128578405,6,SA,39
19.49088740348816,100,1,15,84,2393.8268006021062,5,SA,40
15.228286266326904,100,3,5,92,2396.207835814725,5,SA,41
12.936440467834473,100,6,4,90,2397.5183332789625,5,SA,42
17.32465410232544,100,11,9,80,2383.8827178480524,5,SA,43
28.02908992767334,100,4,27,69,2399.927985657917,4,SA,44
21.470569610595703,100,0,15,85,2384.8637888832945,6,SA,45
13.55376386642456,100,0,7,93,2387.9391929258873,5,SA,46
15.448697805404663,100,9,10,81,2382.955295962592,4,SA,47
13.79711389541626,100,0,0,100,2390.323537848547,6,SA,48
21.231236457824707,100,8,15,77,2397.982645885299,4,SA,49
20.60889983177185,100,11,11,78,2389.778019576797,5,SA,50
17.465304613113403,100,0,11,89,2392.917497634508,5,SA,51
14.67775821685791,100,3,10,87,2383.2233292868277,6,SA,52
24.625189065933228,100,1,18,81,2395.6001465442405,4,SA,53
18.73090362548828,100,5,16,79,2378.0817332064826,5,SA,54
14.4393949508667,100,2,8,90,2398.600097813727,5,SA,55
15.248233318328857,100,1,7,92,2395.831417765329,6,SA,56
16.148823976516724,100,9,8,83,2394.1472048493406,6,SA,57
19.702324151992798,100,2,16,82,2394.1102421713026,6,SA,58
16.031169176101685,100,2,12,86,2395.4525711384044,6,SA,59
15.644173860549927,100,10,4,86,2395.385719261247,5,SA,60
18.30805277824402,100,4,21,75,2384.9574757005307,4,SA,61
16.57767939567566,100,5,5,90,2394.129392538974,6,SA,62
17.46530556678772,100,1,7,92,2398.6289042882026,5,SA,63
18.113571405410767,100,0,7,93,2399.0434388877643,6,SA,64
20.38948655128479,100,0,16,84,2389.073479899096,5,SA,65
20.533130407333374,100,7,16,77,2398.4708014330813,5,SA,66
14.940056562423706,100,1,3,96,2394.9731432071626,5,SA,67
17.189043521881104,100,14,2,84,2386.824674514351,5,SA,68
20.673728466033936,100,2,6,92,2390.471931364183,6,SA,69
17.414441108703613,100,5,15,80,2393.931703626179,4,SA,70
21.478577375411987,100,0,8,92,2396.6984873677957,4,SA,71
22.879828214645386,100,5,21,74,2398.821753873088,3,SA,72
18.448676347732544,100,4,12,84,2393.330020490661,6,SA,73
14.777492046356201,100,1,8,91,2396.2649178967777,6,SA,74
21.290080308914185,100,10,6,84,2398.4885108512117,5,SA,75
18.424763679504395,100,4,18,78,2392.7099511119327,5,SA,76
22.24751925468445,100,8,7,85,2383.4538291836307,4,SA,77
18.560379028320312,100,10,4,86,2398.048663003525,5,SA,78
17.626873016357422,100,5,8,87,2381.2696313998467,6,SA,79
19.328352212905884,100,1,19,80,2395.7751839667553,5,SA,80
12.154475450515747,100,4,6,90,2393.1398678410364,6,SA,81
17.42541265487671,100,19,13,68,2376.140748902075,4,SA,82
17.780489206314087,100,0,4,96,2389.8176757020674,6,SA,83
21.108537673950195,100,0,7,93,2379.6917639867434,6,SA,84
18.941360473632812,100,11,10,79,2397.9015919076805,5,SA,85
22.58760976791382,100,2,16,82,2389.035765962292,3,SA,86
17.0613853931427,100,1,7,92,2377.448043076617,5,SA,87
15.874585390090942,100,0,13,87,2376.11855098581,6,SA,88
14.916093111038208,100,4,2,94,2389.288782670306,6,SA,89
20.499194622039795,100,9,7,84,2392.788847146014,4,SA,90
19.91877269744873,100,8,20,72,2398.1134736334097,4,SA,91
17.978930950164795,100,3,7,90,2389.806625078384,5,SA,92
14.290819883346558,100,8,3,89,2385.6920376537214,5,SA,93
18.459647178649902,100,0,11,89,2396.36139893292,4,SA,94
15.290093898773193,100,3,0,97,2255.871711980375,6,SA,95
19.58962607383728,100,9,11,80,2380.1062428578116,4,SA,96
17.285787105560303,100,3,17,80,2377.1557298221237,6,SA,97
22.278437614440918,100,3,20,77,2388.5201534476396,3,SA,98
17.069392442703247,100,3,13,84,2385.214402614937,6,SA,99
20.695642232894897,100,9,14,77,2377.8381887838686,5,SA,100
29.702616214752197,125,8,29,88,2380.351390738082,4,SA,1
21.87551259994507,125,14,15,96,2397.8368353366864,6,SA,2
23.004494428634644,125,8,21,96,2381.04990956899,4,SA,3
26.2279052734375,125,0,35,90,2397.2771831501927,5,SA,4
27.69395661354065,125,9,20,96,2385.1141735761507,5,SA,5
28.821943283081055,125,10,30,85,2397.9437986815606,5,SA,6
23.235877752304077,125,11,23,91,2395.2316232541702,4,SA,7
25.586618900299072,125,11,20,94,2379.9385464789457,5,SA,8
19.045081615447998,125,28,7,90,2391.845017950762,4,SA,9
25.7730655670166,125,0,22,103,2395.2709114246945,6,SA,10
24.02776050567627,125,24,16,85,2394.4531312390222,5,SA,11
35.46817445755005,125,3,47,75,2386.263414423734,4,SA,12
27.719886779785156,125,3,31,91,2390.6441671699645,5,SA,13
19.084003925323486,125,1,9,115,2398.814521100945,6,SA,14
19.391154527664185,125,0,20,105,2379.768315959875,6,SA,15
33.08354926109314,125,16,25,84,2378.1638205587346,5,SA,16
21.99017906188965,125,5,20,100,2381.1594557659773,4,SA,17
25.838945865631104,125,5,24,96,2397.1400086072313,5,SA,18
22.860854148864746,125,13,13,99,2390.2927904899693,4,SA,19
25.10687518119812,125,0,18,107,2390.30113480404,4,SA,20
21.304061889648438,125,4,21,100,2391.2351469019372,4,SA,21
20.035432815551758,125,19,6,100,2383.105303632675,4,SA,22
19.434041738510132,125,7,19,99,2386.285487431149,4,SA,23
26.3076651096344,125,13,24,88,2387.945979706992,5,SA,24
27.08159589767456,125,9,36,80,2381.283676875922,4,SA,25
24.26113510131836,125,28,20,77,2395.9107198011598,4,SA,26
24.351863622665405,125,11,23,91,2391.3064334810847,3,SA,27
18.454660177230835,125,15,15,95,2384.6257009614046,3,SA,28
22.72925615310669,125,19,13,93,2397.333780479153,4,SA,29
28.65735650062561,125,6,41,78,2390.554395906116,3,SA,30
26.499151945114136,125,18,24,83,2390.9350150927166,5,SA,31
28.33926224708557,125,11,48,66,2381.482920503223,5,SA,32
26.756436824798584,125,4,26,95,2377.6289188131536,5,SA,33
24.001829385757446,125,13,23,89,2383.1797681907965,5,SA,34
25.4708993434906,125,11,31,83,2386.759426425603,4,SA,35
22.848912239074707,125,29,10,86,2393.4578496604513,3,SA,36
22.003173112869263,125,22,19,84,2391.3351276800445,5,SA,37
20.02446484565735,125,23,17,85,2381.9454220188254,4,SA,38
24.38280963897705,125,12,20,93,2396.5664980931565,3,SA,39
20.82831358909607,125,22,16,87,2396.2966382894665,5,SA,40
17.965964794158936,125,23,6,96,2379.952545960178,4,SA,41
29.706548929214478,125,4,37,84,2395.7825229897066,5,SA,42
28.157716274261475,125,15,16,94,2377.8732597571056,4,SA,43
25.53473138809204,125,3,25,97,2399.987127649278,5,SA,44
24.91242218017578,125,1,21,103,2376.7182432246514,4,SA,45
23.790369033813477,125,0,12,113,2377.034874669136,6,SA,46
18.0547297000885,125,10,19,96,2393.4804789914933,5,SA,47
26.542038917541504,125,22,20,83,2386.2054307871863,3,SA,48
20.647796869277954,125,28,11,86,2375.9792081857327,4,SA,49
23.142128705978394,125,3,22,100,2384.7582140024974,5,SA,50
18.59428644180298,125,4,15,106,2382.448024044692,6,SA,51
20.032440662384033,125,21,22,82,2398.2255009933883,3,SA,52
22.701306581497192,125,12,16,97,2382.2402739659888,4,SA,53
29.328587532043457,125,14,24,87,2390.4230927246795,4,SA,54
27.973238468170166,125,3,32,90,2398.001673398965,4,SA,55
18.693023204803467,125,15,25,85,2390.480646072662,4,SA,56
18.269156217575073,125,36,11,78,2382.08416369581,3,SA,57
18.672080516815186,125,0,22,103,2379.0152359083577,6,SA,58
22.064008474349976,125,7,23,95,2385.009594457809,4,SA,59
15.932403802871704,125,14,11,100,2394.175969424101,5,SA,60
28.780085563659668,125,5,34,86,2375.3301758325674,2,SA,61
19.695316553115845,125,6,12,107,2382.818599911955,5,SA,62
22.723247289657593,125,12,22,91,2381.81637555055,5,SA,63
20.99187660217285,125,10,24,91,2389.350341963203,4,SA,64
22.605591535568237,125,3,24,98,2391.4459312647823,5,SA,65
21.063657522201538,125,1,29,95,2384.40809014829,4,SA,66
32.716530323028564,125,1,35,89,2388.101977781746,4,SA,67
19.06801986694336,125,8,13,104,2391.3417890193564,5,SA,68
23.995846033096313,125,5,25,95,2382.052463600566,6,SA,69
22.0789692401886,125,11,20,94,2398.0685932238016,4,SA,70
25.54373526573181,125,8,24,93,2390.441750468158,6,SA,71
21.59423851966858,125,15,16,94,2394.3085981596405,3,SA,72
17.064403533935547,125,23,14,88,2385.230772387339,4,SA,73
25.672336101531982,125,14,22,89,2396.859068869748,4,SA,74
22.196656942367554,125,3,26,96,2389.7455182793383,6,SA,75
23.303695917129517,125,18,20,87,2393.2769662911332,3,SA,76
20.656800985336304,125,13,20,92,2392.2946941365008,5,SA,77
25.373133420944214,125,6,38,81,2389.231511318559,5,SA,78
27.434651374816895,125,4,29,92,2389.186998201622,6,SA,79
25.07598376274109,125,1,26,98,2383.324905379262,6,SA,80
25.42103624343872,125,13,26,86,2389.048327500717,4,SA,81
22.98155641555786,125,4,22,99,2383.4039088231193,4,SA,82
29.983837127685547,125,21,22,82,2399.2988553662417,4,SA,83
20.339645624160767,125,19,13,93,2389.8725934490685,4,SA,84
25.680315494537354,125,0,22,103,2393.9546842029786,5,SA,85
21.36288571357727,125,11,25,89,2397.5226478140908,5,SA,86
21.23721981048584,125,7,24,94,2389.8235165229926,4,SA,87
29.301685571670532,125,13,28,84,2398.0701193864243,2,SA,88
28.419020414352417,125,1,26,98,2397.6934622932386,4,SA,89
30.13443374633789,125,12,23,90,2394.152854490723,5,SA,90
17.91609835624695,125,14,10,101,2385.1271335693305,4,SA,91
25.911752223968506,125,4,27,94,2396.0743197110824,4,SA,92
22.63146662712097,125,8,20,97,2385.4927231122856,5,SA,93
20.545071125030518,125,2,23,100,2378.4144243067485,5,SA,94
22.288437366485596,125,15,11,99,2398.152843988741,4,SA,95
21.380836248397827,125,18,9,98,2396.140623006157,5,SA,96
19.71927833557129,125,11,21,93,2382.2623164122037,4,SA,97
21.84360098838806,125,8,14,103,2381.6595420337458,3,SA,98
30.474549293518066,125,22,21,82,2390.7353534048184,3,SA,99
20.660762071609497,125,12,25,88,2397.0264419530517,3,SA,100
32.872113943099976,150,6,38,106,2391.774108255489,3,SA,1
26.155070066452026,150,34,27,89,2386.3664316632407,4,SA,2
28.60352659225464,150,29,39,82,2388.1050056923646,4,SA,3
26.268770217895508,150,2,47,101,2382.9904914075705,3,SA,4
32.41633129119873,150,7,46,97,2391.233750276285,4,SA,5
26.18299961090088,150,29,23,98,2386.3478998101523,4,SA,6
23.807377338409424,150,29,27,94,2393.8296507983896,4,SA,7
28.859869480133057,150,20,37,93,2395.056590974935,5,SA,8
32.27072072029114,150,22,47,81,2380.097406695609,2,SA,9
27.678998470306396,150,15,24,111,2382.1418809806073,3,SA,10
28.94561266899109,150,19,43,88,2379.184615406239,4,SA,11
23.121185064315796,150,25,20,105,2392.8330791038597,4,SA,12
25.275424242019653,150,15,34,101,2380.1129206934206,4,SA,13
29.484199285507202,150,3,44,103,2389.406326050367,5,SA,14
25.979541540145874,150,19,12,119,2398.9521283277927,5,SA,15
26.23585605621338,150,16,32,102,2396.3297935165247,4,SA,16
25.694334030151367,150,10,42,98,2399.8418517319005,6,SA,17
27.696977376937866,150,26,27,97,2383.0692710498347,3,SA,18
22.431999444961548,150,23,32,95,2388.0634828930492,4,SA,19
26.321627378463745,150,8,31,111,2394.055924158099,5,SA,20
24.036735773086548,150,17,29,104,2384.292087436812,5,SA,21
31.46487545967102,150,9,52,89,2397.0838884412137,4,SA,22
36.2052366733551,150,13,52,85,2393.2340312727833,5,SA,23
21.079667329788208,150,12,34,104,2395.2544333266574,4,SA,24
21.030746698379517,150,36,24,90,2388.3046502338743,4,SA,25
21.06767249107361,150,25,23,102,2383.6881419854167,3,SA,26
27.971243858337402,150,15,38,97,2383.081855719176,4,SA,27
33.00179481506348,150,16,57,77,2393.8139994385715,3,SA,28
26.813313484191895,150,25,43,82,2394.5529183567655,2,SA,29
30.694960117340088,150,5,46,99,2386.561439835371,2,SA,30
22.02807903289795,150,26,17,107,2386.0504995371466,5,SA,31
27.615169763565063,150,10,31,109,2382.254070862317,5,SA,32
27.083587884902954,150,7,40,103,2399.7905303488633,5,SA,33
23.654756546020508,150,20,30,100,2390.2713081085494,4,SA,34
20.640814781188965,150,23,25,102,2389.4716846621945,4,SA,35
26.26677417755127,150,8,36,106,2397.253287590434,5,SA,36
32.34153175354004,150,29,29,92,2385.4260271310613,3,SA,37
25.484890937805176,150,21,18,111,2394.4290581957925,3,SA,38
26.709588289260864,150,55,19,76,2378.9540174226527,2,SA,39
26.658727884292603,150,18,33,99,2386.585798488728,3,SA,40
22.879828691482544,150,16,25,109,2390.485355045197,5,SA,41
33.66299891471863,150,20,35,95,2385.157945066978,3,SA,42
25.124828577041626,150,19,18,113,2393.5224161922806,5,SA,43
27.52441143989563,150,10,38,102,2379.1638486799525,5,SA,44
26.174049377441406,150,7,37,106,2390.039005493876,5,SA,45
28.83390974998474,150,18,34,98,2378.791200372325,3,SA,46
36.03565526008606,150,20,46,84,2394.5622775851702,3,SA,47
27.499478816986084,150,14,43,93,2377.581777873152,4,SA,48
21.306062698364258,150,22,19,109,2385.8693499329565,4,SA,49
30.060657501220703,150,27,25,98,2388.522938265779,4,SA,50
19.754186153411865,150,23,16,111,2385.709646176763,4,SA,51
31.536683559417725,150,15,51,84,2388.8635438884803,4,SA,52
21.347926378250122,150,27,26,97,2380.232695292083,4,SA,53
34.4598970413208,150,23,45,82,2392.5530955796507,3,SA,54
33.36282753944397,150,15,39,96,2398.3121097748526,5,SA,55
27.011754274368286,150,38,24,88,2378.153722311607,3,SA,56
26.57195734977722,150,29,33,88,2387.2367315397905,4,SA,57
19.82599401473999,150,31,15,104,2391.135617335007,3,SA,58
30.006773471832275,150,11,37,102,2396.3272650130816,3,SA,59
26.364511728286743,150,2,38,110,2379.6750946548946,4,SA,60
27.358880519866943,150,17,28,105,2396.294599261385,4,SA,61
16.202706575393677,150,29,11,110,2380.6141593387165,4,SA,62
23.11420702934265,150,24,28,98,2379.5766759342373,2,SA,63
26.730533361434937,150,11,38,101,2397.5656526315684,5,SA,64
30.209232807159424,150,20,45,85,2386.199307815746,3,SA,65
31.421990633010864,150,13,54,83,2399.4847093245503,3,SA,66
23.743520736694336,150,21,25,104,2388.163309718752,5,SA,67
29.557005643844604,150,1,42,107,2393.13892031859,6,SA,68
23.96692180633545,150,15,37,98,2399.0333143608336,5,SA,69
21.33595633506775,150,33,22,95,2391.147553050621,4,SA,70
23.744518280029297,150,26,32,92,2391.05140579384,5,SA,71
29.426326990127563,150,16,57,77,2388.875973493826,4,SA,72
26.772422313690186,150,15,40,95,2390.838366746267,4,SA,73
26.795360326766968,150,21,22,107,2388.661843859067,4,SA,74
32.06227922439575,150,6,40,104,2389.0463006528635,5,SA,75
25.063989639282227,150,23,31,96,2377.0577499431283,4,SA,76
24.763792276382446,150,46,11,93,2396.1929403173663,3,SA,77
29.453253984451294,150,13,41,96,2394.397801039899,3,SA,78
24.586267948150635,150,25,24,101,2378.977934836079,3,SA,79
29.68264150619507,150,6,47,97,2394.897429019975,5,SA,80
27.148416996002197,150,30,38,82,2397.5190829702055,3,SA,81
32.47520089149475,150,9,51,90,2393.7707435637262,3,SA,82
24.989219188690186,150,24,24,102,2388.551390137835,4,SA,83
26.96889567375183,150,29,24,97,2382.446557084751,5,SA,84
30.538379669189453,150,8,38,104,2382.540387263599,5,SA,85
37.7341148853302,150,31,50,69,2386.365932212226,3,SA,86
28.82593035697937,150,9,44,97,2392.8996196507123,3,SA,87
25.79606032371521,150,19,34,97,2389.7520404832358,3,SA,88
25.377175092697144,150,16,28,106,2395.4648158782475,5,SA,89
31.316272258758545,150,18,52,80,2376.3704087364963,3,SA,90
23.423401832580566,150,10,23,117,2395.178540230053,5,SA,91
20.190019130706787,150,13,21,116,2382.3420569303125,3,SA,92
25.8907790184021,150,36,21,93,2392.6249515419054,3,SA,93
34.332210063934326,150,13,34,103,2389.9945070343615,3,SA,94
20.188026428222656,150,35,25,90,2398.695633240697,3,SA,95
22.544723749160767,150,33,23,94,2386.6702070602673,3,SA,96
31.05799174308777,150,19,41,90,2385.4950586477344,3,SA,97
23.85524845123291,150,6,26,118,2375.9164380841426,6,SA,98
30.528379917144775,150,15,45,90,2390.5439979514304,3,SA,99
22.960613250732422,150,15,40,95,2388.5110436808477,4,SA,100
30.36980390548706,175,33,41,101,2398.784747805126,4,SA,1
34.39205002784729,175,17,60,98,2399.115558065645,3,SA,2
32.24678635597229,175,18,57,100,2387.6180543897704,4,SA,3
37.146684646606445,175,8,49,118,2391.139494990209,3,SA,4
33.678956508636475,175,24,60,91,2390.0860284205064,3,SA,5
30.538352251052856,175,29,47,99,2398.7945150003,4,SA,6
32.7923538684845,175,5,47,123,2397.83453593865,4,SA,7
31.259424448013306,175,16,43,116,2398.3608494502714,6,SA,8
25.00317907333374,175,17,30,128,2389.2119786328526,4,SA,9
25.181702852249146,175,43,32,100,2396.6605227950604,3,SA,10
28.240496158599854,175,24,52,99,2398.6117834690085,4,SA,11
33.32989001274109,175,36,37,102,2387.1580269443702,2,SA,12
29.38244318962097,175,32,43,100,2390.6128267139175,3,SA,13
24.852553844451904,175,41,36,98,2395.539788570877,3,SA,14
26.401414394378662,175,35,30,110,2389.731781618935,6,SA,15
24.921369791030884,175,25,30,120,2384.153650600389,4,SA,16
31.571590900421143,175,40,30,105,2381.91051703293,5,SA,17
38.78530526161194,175,11,59,105,2393.655785697429,5,SA,18
37.18161988258362,175,17,67,91,2386.736044607338,3,SA,19
26.433327198028564,175,30,39,106,2392.856160990078,4,SA,20
30.499458074569702,175,12,36,127,2388.516809779795,4,SA,21
28.50781011581421,175,23,48,104,2377.624169730994,4,SA,22
32.53501558303833,175,15,64,96,2385.8170617988694,4,SA,23
33.857478857040405,175,19,58,98,2390.3215209979776,3,SA,24
35.08220458030701,175,19,48,108,2379.656207882157,5,SA,25
22.092960596084595,175,42,35,98,2387.2766893263374,4,SA,26
36.557286500930786,175,18,47,110,2387.619493691021,5,SA,27
24.983232498168945,175,41,29,105,2389.5378676753635,4,SA,28
34.659361362457275,175,24,45,106,2378.855150405468,3,SA,29
35.31957006454468,175,10,65,100,2392.704712329169,3,SA,30
34.958539724349976,175,50,42,83,2378.235810822781,2,SA,31
33.88045334815979,175,44,35,96,2392.799944916157,3,SA,32
23.079294681549072,175,56,27,92,2399.599836105513,3,SA,33
26.75147819519043,175,58,28,89,2382.809269457311,3,SA,34
29.083243131637573,175,31,38,106,2389.3575233685083,3,SA,35
24.984201669692993,175,43,35,97,2392.516021443114,3,SA,36
37.57653737068176,175,32,45,98,2394.246774340634,4,SA,37
34.09983038902283,175,34,41,100,2392.900064182152,4,SA,38
31.5945565700531,175,39,42,94,2390.6073236916377,4,SA,39
37.6822772026062,175,14,56,105,2399.65062262876,4,SA,40
28.11483097076416,175,43,28,104,2379.59744736074,3,SA,41
30.862486362457275,175,52,28,95,2385.4063402018733,3,SA,42
30.64708948135376,175,6,47,122,2396.403356665042,6,SA,43
38.20485591888428,175,22,60,93,2393.0704183073635,4,SA,44
35.15501165390015,175,40,45,90,2379.6805619726224,4,SA,45
28.699288368225098,175,45,17,113,2392.302502705942,4,SA,46
32.54931855201721,175,38,38,99,2399.1323120338275,4,SA,47
30.756770133972168,175,33,37,105,2394.04955860067,3,SA,48
33.320927143096924,175,11,54,110,2393.0175405675036,5,SA,49
29.818069219589233,175,13,60,102,2390.904280385397,4,SA,50
43.398446798324585,175,22,65,88,2395.931660787342,3,SA,51
36.04459261894226,175,24,48,103,2384.682189815917,4,SA,52
26.836279153823853,175,14,47,114,2387.4696835274763,5,SA,53
32.66170310974121,175,28,52,95,2399.653003756921,3,SA,54
29.89845609664917,175,31,39,105,2386.9320232738805,3,SA,55
25.04005455970764,175,38,30,107,2394.1201478751186,4,SA,56
27.398067951202393,175,37,29,109,2380.351779745801,3,SA,57
36.58925485610962,175,8,66,101,2394.629281496631,4,SA,58
32.233966588974,175,19,45,111,2395.9645305102113,2,SA,59
28.38782572746277,175,31,50,94,2384.339870173077,3,SA,60
37.18966293334961,175,14,59,102,2381.6006008746276,4,SA,61
33.34695601463318,175,34,32,109,2399.6846852089207,3,SA,62
32.136767625808716,175,40,18,117,2390.676516403587,3,SA,63
33.076682329177856,175,32,33,110,2380.291648556094,4,SA,64
24.412405252456665,175,30,20,125,2388.0493984098707,4,SA,65
46.92688822746277,175,43,57,75,2383.761445817987,3,SA,66
30.77406883239746,175,55,28,92,2386.0185918246216,3,SA,67
42.72713851928711,175,12,42,121,2395.7706820084027,4,SA,68
36.9751877784729,175,32,33,110,2390.075810030465,3,SA,69
32.31552076339722,175,10,48,117,2383.5699375642093,4,SA,70
30.75682806968689,175,10,46,119,2399.1872309116684,4,SA,71
36.73311638832092,175,15,66,94,2389.871376669301,4,SA,72
26.791730403900146,175,36,30,109,2393.472902106785,3,SA,73
28.961228132247925,175,39,36,100,2378.95189972281,5,SA,74
38.28880047798157,175,14,44,117,2380.338622274777,3,SA,75
31.502180576324463,175,24,48,103,2391.706637574318,4,SA,76
34.10159993171692,175,8,53,114,2385.344053902307,4,SA,77
25.144246101379395,175,47,27,101,2375.0157387251397,3,SA,78
34.71124267578125,175,9,55,111,2393.801034917564,2,SA,79
34.03311038017273,175,9,48,118,2384.377086342863,4,SA,80
39.94480562210083,175,24,40,111,2380.305915904613,4,SA,81
47.14381670951843,175,24,74,77,2377.756123198368,3,SA,82
25.038697957992554,175,26,50,99,2376.389826813683,4,SA,83
39.91410732269287,175,35,55,85,2388.823221503605,2,SA,84
38.06955909729004,175,31,48,96,2398.574813290559,4,SA,85
35.520111322402954,175,27,52,96,2396.692574133454,4,SA,86
30.431599140167236,175,26,47,102,2399.2285332584383,3,SA,87
30.905399084091187,175,17,48,110,2393.72328081922,4,SA,88
35.329914569854736,175,15,56,104,2375.1740653936877,5,SA,89
32.44886112213135,175,35,27,113,2394.700328227968,4,SA,90
33.80521488189697,175,47,26,102,2390.865296204665,4,SA,91
28.018187999725342,175,23,30,122,2399.355696721538,4,SA,92
29.00144100189209,175,45,39,91,2378.5199530047216,4,SA,93
29.402018308639526,175,26,24,125,2382.178311027817,5,SA,94
32.375635862350464,175,19,61,95,2398.716757685434,4,SA,95
36.137858152389526,175,28,39,108,2388.5047324391057,3,SA,96
34.15894532203674,175,34,19,122,2387.4992550263587,3,SA,97
42.34018349647522,175,18,56,101,2398.353167194261,4,SA,98
36.30484318733215,175,14,47,114,2379.965267678714,5,SA,99
33.941176652908325,175,27,46,102,2391.788172772472,3,SA,100
34.60519766807556,200,61,29,110,2387.374577447789,3,SA,1
37.67866539955139,200,38,57,105,2389.215579212471,3,SA,2
42.252631425857544,200,44,44,112,2377.3827827508903,3,SA,3
36.16001033782959,200,42,35,123,2398.93969022322,3,SA,4
38.90945816040039,200,24,52,124,2377.4709671201986,6,SA,5
31.6549551486969,200,56,33,111,2398.9592425119863,3,SA,6
49.080885887145996,200,39,65,96,2399.539737167564,3,SA,7
38.830785036087036,200,52,54,94,2399.4745971807565,3,SA,8
36.91105270385742,200,49,51,100,2392.5065713296326,3,SA,9
35.455984354019165,200,43,63,94,2379.5091826186526,5,SA,10
36.253822565078735,200,41,48,111,2380.5335163130753,3,SA,11
26.93428635597229,200,65,22,113,2395.182670824482,3,SA,12
35.16876530647278,200,59,43,98,2393.592591786993,3,SA,13
39.82785987854004,200,42,56,102,2375.0093346148233,3,SA,14
35.3135929107666,200,40,48,112,2399.458449799151,4,SA,15
46.025564432144165,200,21,70,109,2383.043942733187,3,SA,16
42.64071989059448,200,24,59,117,2390.4777271698294,4,SA,17
37.887651205062866,200,46,46,108,2389.853091099196,3,SA,18
50.433560371398926,200,31,74,95,2392.2895917905676,2,SA,19
40.64402961730957,200,62,42,96,2388.589733304429,2,SA,20
27.094732999801636,200,50,34,116,2384.8826136054645,3,SA,21
32.04018759727478,200,35,52,113,2392.199698711226,4,SA,22
29.91331696510315,200,44,34,122,2394.39532723484,3,SA,23
36.21491098403931,200,45,29,126,2389.4221342497967,4,SA,24
36.328038692474365,200,40,55,105,2398.9415924448735,3,SA,25
32.48491287231445,200,30,61,109,2381.5910543251925,2,SA,26
32.81524729728699,200,28,43,129,2375.2866625700217,5,SA,27
32.853718757629395,200,47,31,122,2391.7404194657197,4,SA,28
34.05987071990967,200,50,43,107,2390.936391378885,3,SA,29
27.210506200790405,200,37,41,122,2395.1009194710596,4,SA,30
38.73730397224426,200,40,39,121,2384.354179026968,5,SA,31
35.94226408004761,200,21,54,125,2384.775199845785,4,SA,32
37.552780866622925,200,44,47,109,2391.6523920286213,4,SA,33
39.3092737197876,200,23,65,112,2380.797441601293,5,SA,34
43.948869466781616,200,30,73,97,2389.700291244026,1,SA,35
44.82984375953674,200,29,73,98,2375.006970419809,4,SA,36
44.714088439941406,200,22,69,109,2386.618310048771,4,SA,37
31.157230615615845,200,46,36,118,2390.9812080752886,4,SA,38
37.84881329536438,200,10,70,120,2397.0370118795395,5,SA,39
38.00347709655762,200,37,63,100,2394.5340453655613,3,SA,40
39.28217625617981,200,35,26,139,2389.8925769445323,5,SA,41
44.555179834365845,200,35,55,110,2390.305578612481,3,SA,42
42.956148862838745,200,10,87,103,2384.3311160365324,3,SA,43
33.93422055244446,200,39,45,116,2390.0604958133063,3,SA,44
39.675591707229614,200,26,74,100,2387.9179403650987,1,SA,45
32.45603632926941,200,42,48,110,2389.1518159895195,4,SA,46
30.33745503425598,200,68,33,99,2396.530465078886,3,SA,47
35.65326738357544,200,33,67,100,2382.5030798172784,2,SA,48
41.295182943344116,200,22,57,121,2393.7858820517495,4,SA,49
39.66014075279236,200,53,47,100,2392.0363617226167,4,SA,50
38.10557174682617,200,56,47,97,2398.336321261161,4,SA,51
31.176520824432373,200,34,58,108,2394.216365404667,3,SA,52
35.981810331344604,200,53,51,96,2380.573237658832,2,SA,53
37.485456466674805,200,12,60,128,2386.9260150442033,4,SA,54
38.53239178657532,200,25,61,114,2395.018582515681,4,SA,55
37.624370098114014,200,32,44,124,2377.5293199466264,3,SA,56
35.11999154090881,200,48,32,120,2398.7770880948306,4,SA,57
39.81347680091858,200,25,52,123,2375.890319041545,4,SA,58
40.03023433685303,200,45,43,112,2388.272871061736,3,SA,59
34.68799448013306,200,22,50,128,2381.3664366700264,4,SA,60
35.515535831451416,200,28,68,104,2393.035321214588,3,SA,61
31.634730339050293,200,40,39,121,2389.983128468342,4,SA,62
40.93619704246521,200,78,37,85,2376.3252464419593,3,SA,63
40.84174180030823,200,8,80,112,2399.897804751825,3,SA,64
31.927639484405518,200,59,34,107,2377.8289813739398,4,SA,65
32.17697310447693,200,36,47,117,2386.411675670349,3,SA,66
27.731858253479004,200,60,30,110,2392.7023781048097,3,SA,67
43.1576144695282,200,38,69,93,2391.135839049017,3,SA,68
39.04161977767944,200,41,55,104,2395.2344056756606,4,SA,69
32.96885538101196,200,32,57,111,2398.5470031123614,4,SA,70
35.84616184234619,200,27,51,122,2395.168513690923,4,SA,71
52.26925444602966,200,33,67,100,2392.3783783188223,3,SA,72
34.63141059875488,200,35,52,113,2387.993235554852,2,SA,73
40.76900291442871,200,11,78,111,2386.527773841405,1,SA,74
31.842865705490112,200,23,54,123,2397.407027805112,4,SA,75
29.820273637771606,200,34,37,129,2384.3987027451008,5,SA,76
27.490503311157227,200,44,41,115,2396.996734274538,4,SA,77
43.313199281692505,200,28,68,104,2396.5714067467356,3,SA,78
35.55793333053589,200,34,53,113,2385.751257530655,3,SA,79
35.180941343307495,200,38,58,104,2377.800786184695,4,SA,80
37.8398334980011,200,23,65,112,2397.0594909623674,3,SA,81
37.10080909729004,200,68,45,87,2387.742687371644,2,SA,82
39.329848289489746,200,36,58,106,2376.518079124141,2,SA,83
32.88009262084961,200,53,23,124,2393.143568514392,3,SA,84
31.36115288734436,200,31,41,128,2376.253064025199,5,SA,85
32.24578881263733,200,68,30,102,2378.6330359161434,4,SA,86
45.37169551849365,200,37,77,86,2383.582287981186,3,SA,87
39.90630769729614,200,30,57,113,2392.19459224253,4,SA,88
32.521052837371826,200,67,21,112,2394.9705310192912,3,SA,89
40.588484048843384,200,49,47,104,2398.332714893864,2,SA,90
28.77107810974121,200,63,41,96,2382.377712377649,3,SA,91
45.62402153015137,200,45,68,87,2376.1102794251265,1,SA,92
36.877405881881714,200,49,46,105,2388.199767736433,3,SA,93
40.06687808036804,200,21,54,125,2387.526368132275,6,SA,94
37.75206685066223,200,33,66,101,2387.959216593455,1,SA,95
30.771729469299316,200,42,30,128,2381.6147157083306,3,SA,96
38.94687366485596,200,19,68,113,2382.3258756630944,2,SA,97
27.511446475982666,200,32,54,114,2384.5668916420973,5,SA,98
41.286616802215576,200,30,73,97,2379.766375008437,3,SA,99
39.13536882400513,200,59,38,103,2380.5890309151196,2,SA,100
